City_ID,City,Country,Lat,Lng,Max Temp,Humidity,Cloudiness,Wind Speed,Weather Description
0,Longyearbyen,SJ,78.2186,15.6401,49.84,87,75,3.44,broken clouds
1,Ambon,ID,-3.6954,128.1814,76.23,16,20,8.05,few clouds
2,Cherskiy,RU,68.75,161.3,47.28,45,99,11.86,overcast clouds
3,Dikson,RU,73.5069,80.5464,43.18,93,100,15.77,light rain
4,Beyneu,KZ,45.3167,55.2,86.27,33,91,16.17,overcast clouds
5,Victoria,HK,22.2855,114.1577,85.32,82,0,3.0,clear sky
6,Roma,US,43.2128,-75.4557,83.88,67,75,10.36,broken clouds
7,Port Alfred,ZA,-33.5906,26.891,57.18,77,0,8.39,clear sky
8,Tuatapere,NZ,-46.1333,167.6833,44.46,91,99,2.86,overcast clouds
9,Ushuaia,AR,-54.8,-68.3,29.86,93,75,19.57,snow
10,Kapaa,US,22.0752,-159.319,84.52,70,40,16.11,scattered clouds
11,Mahebourg,MU,-20.4081,57.7,69.26,88,40,12.66,scattered clouds
12,Hobyo,SO,5.3505,48.5268,75.47,83,20,24.63,few clouds
13,Aswan,EG,24.0934,32.907,87.15,18,3,10.96,clear sky
14,Olafsvik,IS,64.8945,-23.7142,53.15,87,66,7.27,broken clouds
15,Ternate,ID,0.8,127.4,80.65,75,97,4.16,overcast clouds
16,Luderitz,NA,-26.6481,15.1594,64.18,47,0,4.72,clear sky
17,Sur,OM,22.5667,59.5289,86.41,71,86,10.69,overcast clouds
18,Daryapur,IN,20.9333,77.3333,77.27,86,99,12.62,overcast clouds
19,Yellowknife,CA,62.456,-114.3525,70.32,37,75,9.22,broken clouds
20,Castro,BR,-24.7911,-50.0119,59.68,83,57,2.64,broken clouds
21,Eydhafushi,MV,5.1033,73.0708,82.62,74,100,17.69,light rain
22,Bengkulu,ID,-3.8004,102.2655,74.66,90,82,4.88,broken clouds
23,Ponta Do Sol,PT,32.6667,-17.1,72.72,82,3,6.17,clear sky
24,Cidreira,BR,-30.1811,-50.2056,62.64,90,93,4.0,overcast clouds
25,Atuona,PF,-9.8,-139.0333,77.31,73,14,15.26,few clouds
26,Mayahi,NE,13.9553,7.6712,87.58,43,79,6.22,broken clouds
27,Coihaique,CL,-45.5752,-72.0662,31.95,86,40,3.44,scattered clouds
28,Hithadhoo,MV,-0.6,73.0833,79.95,75,100,8.03,very heavy rain
29,Namatanai,PG,-3.6667,152.4333,82.94,71,85,5.95,overcast clouds
30,Yulara,AU,-25.2406,130.9889,51.21,39,0,5.01,clear sky
31,Benguela,AO,-12.5763,13.4055,67.5,85,60,4.63,broken clouds
32,Port Lincoln,AU,-34.7333,135.8667,55.4,63,100,19.55,light rain
33,San Quintin,MX,30.4833,-115.95,73.53,68,100,13.42,overcast clouds
34,Kavieng,PG,-2.5744,150.7967,82.18,78,100,11.3,light rain
35,Saldanha,ZA,-33.0117,17.9442,46.45,81,99,10.38,overcast clouds
36,Barra Do Garcas,BR,-15.89,-52.2567,79.38,38,0,2.3,clear sky
37,Port-Cartier,CA,50.0334,-66.8654,68.76,92,100,7.25,heavy intensity rain
38,Palu,ID,-0.8917,119.8707,76.17,94,92,2.66,overcast clouds
39,Codrington,AU,-38.2667,141.9667,48.58,83,84,11.77,broken clouds
40,Jardim,BR,-21.4803,-56.1381,75.49,37,25,3.27,scattered clouds
41,Isangel,VU,-19.55,169.2667,79.68,72,3,17.31,clear sky
42,Amapa,BR,1.0,-52.0,75.56,84,90,2.77,overcast clouds
43,Slave Lake,CA,55.2834,-114.769,71.58,49,0,17.27,clear sky
44,Busselton,AU,-33.65,115.3333,58.48,79,71,9.19,broken clouds
45,Lagoa,PT,39.05,-27.9833,71.74,89,96,4.27,overcast clouds
46,Cape Town,ZA,-33.9258,18.4232,58.37,81,0,5.01,clear sky
47,East London,ZA,-33.0153,27.9116,58.82,77,2,7.54,clear sky
48,Vaini,TO,-21.2,-175.2,77.16,83,40,9.22,scattered clouds
49,Tuktoyaktuk,CA,69.4541,-133.0374,53.6,94,100,6.91,light rain
50,New Norfolk,AU,-42.7826,147.0587,43.92,80,2,1.01,clear sky
51,Nizhnetroitskiy,RU,54.3385,53.6833,57.22,84,95,2.26,overcast clouds
52,Sao Joao Da Barra,BR,-21.6403,-41.0511,70.16,86,5,10.42,clear sky
53,Rikitea,PF,-23.1203,-134.9692,74.1,80,94,23.02,light rain
54,Mataura,NZ,-46.1927,168.8643,42.48,94,100,0.98,overcast clouds
55,Port Blair,IN,11.6667,92.75,78.84,94,100,2.3,mist
56,Edgewater,US,28.9889,-80.9023,93.43,66,0,13.87,clear sky
57,Flinders,AU,-34.5833,150.8552,54.37,91,92,5.99,light rain
58,Yerbogachen,RU,61.2767,108.0108,61.99,77,99,2.59,overcast clouds
59,Bathsheba,BB,13.2167,-59.5167,83.01,88,20,20.71,few clouds
60,Punta Arenas,CL,-53.15,-70.9167,32.11,93,20,20.71,light rain
61,Nikolskoye,RU,59.7035,30.7861,66.79,89,0,3.09,clear sky
62,Albany,US,42.6001,-73.9662,90.01,51,20,10.76,few clouds
63,Hermanus,ZA,-34.4187,19.2345,52.9,76,100,5.06,overcast clouds
64,Port Elizabeth,ZA,-33.918,25.5701,50.31,96,0,3.0,clear sky
65,Kenora,CA,49.8167,-94.4337,79.77,36,75,15.01,broken clouds
66,Hilo,US,19.7297,-155.09,83.28,90,75,5.75,light rain
67,Avarua,CK,-21.2078,-159.775,73.45,73,75,12.66,broken clouds
68,Jamestown,US,42.097,-79.2353,82.06,58,0,14.97,clear sky
69,Bredasdorp,ZA,-34.5322,20.0403,47.19,88,100,3.65,overcast clouds
70,Tasiilaq,GL,65.6145,-37.6368,41.16,78,84,3.15,broken clouds
71,Hamilton,US,39.1834,-84.5333,90.09,48,0,10.36,clear sky
72,Upernavik,GL,72.7868,-56.1549,45.32,96,100,13.02,overcast clouds
73,Thompson,CA,55.7435,-97.8558,66.36,63,75,6.91,broken clouds
74,Senanga,ZM,-16.1167,23.2667,61.5,49,66,7.02,broken clouds
75,Thoen,TH,17.6129,99.2161,74.66,99,100,1.36,overcast clouds
76,Khatanga,RU,71.9667,102.5,52.95,78,100,14.16,overcast clouds
77,Hasaki,JP,35.7333,140.8333,84.29,85,64,17.07,broken clouds
78,Arraial Do Cabo,BR,-22.9661,-42.0278,69.66,88,0,6.91,clear sky
79,Esperance,AU,-33.8667,121.9,52.57,81,55,17.76,broken clouds
80,Fort-Shevchenko,KZ,44.5086,50.263,76.75,74,76,14.74,broken clouds
81,Taltal,CL,-25.4,-70.4833,59.0,85,9,3.09,clear sky
82,Bambous Virieux,MU,-20.3428,57.7575,69.22,88,40,12.66,scattered clouds
83,Georgetown,MY,5.4112,100.3354,80.89,93,20,3.44,few clouds
84,Tautira,PF,-17.7333,-149.15,74.8,78,18,9.82,light rain
85,Sayyan,YE,15.1718,44.3244,63.7,65,68,1.52,broken clouds
86,Staryy Krym,UA,45.0333,35.1,63.63,47,3,8.57,clear sky
87,Cermik,TR,38.1361,39.4493,73.44,44,0,7.0,clear sky
88,Serebryansk,KZ,49.6925,83.2892,58.37,98,100,1.77,overcast clouds
89,Basco,PH,20.4487,121.9702,85.41,78,15,12.19,few clouds
90,Hami,CN,42.8,93.45,73.08,26,0,2.39,clear sky
91,Pervomayskiy,RU,53.2485,40.2871,56.64,91,96,11.59,light rain
92,Narsaq,GL,60.9167,-46.05,59.22,78,11,5.3,few clouds
93,Adilcevaz,TR,38.8039,42.7342,68.76,44,0,7.2,clear sky
94,Dwarka,IN,22.2394,68.9678,82.54,81,100,18.95,overcast clouds
95,Bethel,US,41.3712,-73.414,91.63,70,0,10.36,clear sky
96,Kalach-Na-Donu,RU,48.691,43.5264,65.79,52,90,7.38,overcast clouds
97,Lebu,CL,-37.6167,-73.65,50.99,89,99,11.03,light rain
98,Mount Isa,AU,-20.7333,139.5,46.17,46,0,4.61,clear sky
99,Bluff,NZ,-46.6,168.3333,42.8,81,90,8.12,overcast clouds
100,Kodiak,US,57.79,-152.4072,53.11,87,100,4.61,overcast clouds
101,Sinnamary,GF,5.3833,-52.95,78.01,85,31,7.87,scattered clouds
102,Jumla,NP,29.2747,82.1838,62.76,97,100,1.21,overcast clouds
103,Tessalit,ML,20.1986,1.0114,88.32,36,62,8.63,broken clouds
104,Kalmunai,LK,7.4167,81.8167,79.14,82,98,4.97,overcast clouds
105,Sinjar,IQ,36.3209,41.8754,84.15,36,0,13.24,clear sky
106,Hobart,AU,-42.8794,147.3294,44.26,88,20,6.91,few clouds
107,Severo-Kurilsk,RU,50.6789,156.125,53.83,96,100,25.26,heavy intensity rain
108,Muisne,EC,0.6,-80.0333,73.58,84,100,8.46,overcast clouds
109,Ola,RU,59.5833,151.2833,71.15,63,89,2.44,overcast clouds
110,Puerto Ayora,EC,-0.7393,-90.3518,78.76,93,53,4.0,broken clouds
111,Paamiut,GL,61.994,-49.6678,46.83,86,7,9.44,clear sky
112,Butaritari,KI,3.0707,172.7902,81.48,73,57,5.41,broken clouds
113,Mitsamiouli,KM,-11.3847,43.2844,75.02,72,6,5.59,clear sky
114,Pacific Grove,US,36.6177,-121.9166,84.24,80,40,12.66,scattered clouds
115,Baykit,RU,61.67,96.37,59.61,79,21,2.42,few clouds
116,Saint-Joseph,RE,-21.3667,55.6167,64.2,78,34,11.72,light rain
117,La Union,PE,-5.4,-80.75,75.24,49,37,13.67,scattered clouds
118,Katsuura,JP,35.1333,140.3,80.62,85,41,15.84,scattered clouds
119,Lakes Entrance,AU,-37.8811,147.981,49.53,77,3,9.66,clear sky
120,Portland,US,45.5234,-122.6762,88.77,50,40,7.0,scattered clouds
121,Saskylakh,RU,71.9167,114.0833,50.92,65,100,7.29,overcast clouds
122,Grand Gaube,MU,-20.0064,57.6608,69.39,72,80,8.01,broken clouds
123,Saint George,US,37.1041,-113.5841,111.63,11,0,11.01,clear sky
124,Carnarvon,AU,-24.8667,113.6333,60.28,76,43,16.31,scattered clouds
125,Azangaro,PE,-14.9167,-70.2167,46.94,21,23,5.82,few clouds
126,Qaanaaq,GL,77.484,-69.3632,43.75,91,100,10.49,light rain
127,Karakol,KG,42.4907,78.3936,61.97,40,0,4.7,clear sky
128,Tongchuan,CN,35.0806,109.0897,66.13,94,100,8.99,heavy intensity rain
129,Enshi,CN,30.3,109.4833,74.19,98,83,2.19,broken clouds
130,Mana,GF,5.6592,-53.7767,78.28,85,21,8.88,few clouds
131,Bambanglipuro,ID,-7.95,110.2833,75.2,84,100,8.95,overcast clouds
132,Saint-Denis,FR,48.9167,2.3333,72.09,79,0,10.36,clear sky
133,Junction City,US,39.0286,-96.8314,102.4,32,0,6.91,clear sky
134,Sitka,US,57.0531,-135.33,57.09,82,100,0.0,overcast clouds
135,Avera,US,33.194,-82.5271,89.38,65,100,7.0,overcast clouds
136,Bonnyville,CA,54.2668,-110.735,78.6,54,81,12.12,broken clouds
137,Margate,GB,51.3813,1.3862,64.9,79,14,3.0,few clouds
138,Talnakh,RU,69.4865,88.3972,52.21,75,16,5.08,few clouds
139,Vila Velha,BR,-20.3297,-40.2925,73.35,88,75,2.3,broken clouds
140,Teonthar,IN,24.9833,81.65,82.63,81,100,1.59,overcast clouds
141,Moose Factory,CA,51.2585,-80.6094,60.8,94,100,11.5,overcast clouds
142,Torbay,CA,47.6666,-52.7314,68.77,71,75,9.22,broken clouds
143,Ewa Beach,US,21.3156,-158.0072,87.75,58,75,19.57,broken clouds
144,Ko Samui,TH,9.5357,99.9357,82.92,76,100,11.52,light rain
145,Praia Da Vitoria,PT,38.7333,-27.0667,73.65,78,20,2.01,few clouds
146,Diego De Almagro,CL,-26.3667,-70.05,60.28,55,0,4.36,clear sky
147,Pasni,PK,25.2631,63.471,82.78,84,99,9.71,light rain
148,Aller,ES,43.1187,-5.5839,60.66,99,83,5.37,broken clouds
149,Kahului,US,20.8947,-156.47,84.22,64,75,21.85,broken clouds
150,Tiksi,RU,71.6872,128.8694,42.06,81,91,8.39,overcast clouds
151,Sakakah,SA,29.9697,40.2064,94.57,18,0,14.05,clear sky
152,Axim,GH,4.8699,-2.2405,73.65,75,44,6.91,scattered clouds
153,Nishihara,JP,26.1842,127.7558,85.28,84,20,13.8,few clouds
154,Nioro,GM,13.35,-15.75,76.39,95,100,6.49,moderate rain
155,Abbotsford,CA,49.058,-122.2526,85.23,51,75,10.36,broken clouds
156,Brae,GB,60.3964,-1.353,50.02,86,41,8.52,scattered clouds
157,Aklavik,CA,68.2191,-135.0107,66.2,68,75,8.05,broken clouds
158,Chicama,PE,-7.8447,-79.1469,61.34,68,84,7.2,broken clouds
159,Lavrentiya,RU,65.5833,-171.0,40.53,81,100,20.42,light rain
160,Deutschlandsberg,AT,46.8153,15.2222,75.9,62,86,4.27,overcast clouds
161,Byron Bay,AU,-28.65,153.6167,58.96,88,100,18.95,light rain
162,Athabasca,CA,54.7169,-113.2854,75.61,42,99,13.15,overcast clouds
163,Cayenne,GF,4.9333,-52.3333,83.08,1,20,3.44,few clouds
164,Port Hawkesbury,CA,45.6169,-61.3485,82.35,76,0,8.05,clear sky
165,Sayat,TM,38.7839,63.8803,84.07,13,0,9.57,clear sky
166,Alexandria,EG,31.2156,29.9553,77.49,69,0,12.03,clear sky
167,Pevek,RU,69.7008,170.3133,32.05,100,100,11.07,snow
168,Hokitika,NZ,-42.7167,170.9667,48.56,55,0,7.96,clear sky
169,Asyut,EG,27.181,31.1837,83.68,31,0,14.94,clear sky
170,Luwuk,ID,-0.9516,122.7875,77.65,87,22,5.1,few clouds
171,Acapulco,MX,16.8634,-99.8901,87.62,74,40,6.91,scattered clouds
172,Norman Wells,CA,65.282,-126.8329,73.44,53,75,3.44,broken clouds
173,Likhoslavl,RU,57.1275,35.464,53.35,95,0,6.17,clear sky
174,Donskoye,RU,45.4552,41.9741,64.53,56,11,8.81,few clouds
175,Kuusamo,FI,65.9667,29.1833,64.44,77,0,4.61,clear sky
176,Hebi,CN,35.8992,114.1925,76.89,72,94,1.61,overcast clouds
177,Mar Del Plata,AR,-38.0023,-57.5575,51.1,66,0,5.75,clear sky
178,Qaqortoq,GL,60.7167,-46.0333,49.82,78,7,8.25,clear sky
179,Maryville,US,35.7565,-83.9705,86.25,80,75,13.8,broken clouds
180,Bastia,FR,42.6667,9.3333,81.3,70,0,2.3,clear sky
181,Whitehorse,CA,60.7161,-135.0538,65.17,44,75,16.11,broken clouds
182,Alyangula,AU,-13.8483,136.4192,70.72,54,77,15.97,broken clouds
183,Punta Cardon,VE,11.6581,-70.215,81.01,78,35,30.15,scattered clouds
184,Araouane,ML,18.9048,-3.5265,94.06,34,39,8.72,light rain
185,Barrow,US,71.2906,-156.7887,46.42,76,40,26.46,scattered clouds
186,Cap Malheureux,MU,-19.9842,57.6142,69.48,72,79,5.99,broken clouds
187,Sola,VU,-13.8833,167.55,80.28,82,77,17.83,moderate rain
188,Punta Alta,AR,-38.8759,-62.0736,49.12,36,93,7.34,overcast clouds
189,Ust-Kuyga,RU,70.0167,135.6,59.47,52,5,5.75,clear sky
190,Astana,KZ,51.1801,71.446,60.75,55,0,6.71,clear sky
191,Kidal,ML,18.4411,1.4078,88.12,38,68,7.25,broken clouds
192,Hays,US,30.0502,-98.0336,102.67,35,59,14.88,broken clouds
193,Constitucion,CL,-35.3333,-72.4167,53.17,88,49,10.83,scattered clouds
194,Aksu,CN,41.1231,80.2644,75.4,28,0,4.14,clear sky
195,Krasnovka,RU,48.8177,40.0923,56.01,88,13,6.82,few clouds
196,Maku,IR,39.2911,44.4521,69.78,38,0,2.86,clear sky
197,Daru,PG,-9.0763,143.2092,78.31,87,52,6.42,broken clouds
198,Necochea,AR,-38.5473,-58.7368,44.83,48,91,5.23,overcast clouds
199,Pergamino,AR,-33.89,-60.5736,55.18,64,96,7.85,overcast clouds
200,Malya,TZ,-2.9833,33.5167,68.05,49,99,12.84,overcast clouds
201,Khandyga,RU,62.6667,135.6,77.54,51,40,5.12,scattered clouds
202,Port Shepstone,ZA,-30.7414,30.455,64.74,72,85,5.14,overcast clouds
203,Puerto Escondido,MX,15.85,-97.0667,84.52,76,99,3.27,overcast clouds
204,Mangrol,IN,21.1167,70.1167,81.54,82,100,15.95,overcast clouds
205,Chokurdakh,RU,70.6333,147.9167,53.56,35,0,8.86,clear sky
206,Bundaberg,AU,-24.85,152.35,63.21,99,100,18.41,overcast clouds
207,Kautokeino,NO,69.0125,23.0412,50.4,92,77,8.88,broken clouds
208,Ribeira Grande,PT,38.5167,-28.7,73.45,86,52,2.01,broken clouds
209,Airai,TL,-8.9266,125.4092,57.38,85,98,3.78,overcast clouds
210,Ingham,US,42.6,-84.3833,87.42,50,75,11.5,broken clouds
211,Plymouth,US,41.8334,-70.8328,83.98,81,75,17.27,broken clouds
212,Buta,CD,2.7858,24.73,70.27,99,100,1.5,light rain
213,Yeppoon,AU,-23.1333,150.7333,60.58,91,25,7.85,scattered clouds
214,Broken Hill,AU,-31.95,141.4333,49.28,80,66,12.44,broken clouds
215,Bagdarin,RU,54.4333,113.6,63.84,84,98,1.39,overcast clouds
216,Colac,AU,-38.3333,143.5833,51.84,78,20,5.19,few clouds
217,Tomatlan,MX,19.9333,-105.25,89.69,66,61,7.29,broken clouds
218,Ipameri,BR,-17.7219,-48.1597,68.09,46,42,6.17,scattered clouds
219,Salalah,OM,17.0151,54.0924,77.09,94,100,5.75,overcast clouds
220,Berasia,IN,23.6333,77.4333,74.64,91,100,7.25,overcast clouds
221,Kyakhta,RU,50.3508,106.4494,55.36,98,100,2.68,moderate rain
222,Voi,KE,-3.3945,38.563,65.37,84,26,9.19,scattered clouds
223,Kirakira,SB,-10.4544,161.9205,83.37,72,98,3.11,overcast clouds
224,Batticaloa,LK,7.7102,81.6924,79.56,82,100,8.57,overcast clouds
225,Abonnema,NG,4.7084,6.7931,75.33,85,99,4.74,overcast clouds
226,Awjilah,LY,29.1081,21.2869,77.95,49,0,14.34,clear sky
227,Ambulu,ID,-8.345,113.6058,71.83,89,99,3.18,overcast clouds
228,Bud,US,39.447,-86.1758,89.92,53,0,7.74,clear sky
229,Bethanien,NA,-26.502,17.1583,57.45,32,0,6.76,clear sky
230,Yabelo,ET,4.8833,38.0833,60.13,64,92,12.95,overcast clouds
231,Bilma,NE,18.6853,12.9164,93.02,26,96,7.31,overcast clouds
232,Najran,SA,17.4924,44.1277,86.65,35,71,2.42,broken clouds
233,Bayonet Point,US,28.3267,-82.6834,90.95,77,98,9.48,overcast clouds
234,Koslan,RU,63.4564,48.8989,58.75,77,11,5.35,few clouds
235,Abong Mbang,CM,3.9833,13.1833,67.95,98,100,3.65,overcast clouds
236,Souillac,MU,-20.5167,57.5167,68.38,88,40,12.66,scattered clouds
237,Nanortalik,GL,60.1432,-45.2371,49.91,76,3,7.67,clear sky
238,Colares,PT,38.7992,-9.4469,68.29,73,96,21.0,overcast clouds
239,Comodoro Rivadavia,AR,-45.8667,-67.5,39.06,35,0,12.66,clear sky
240,Monrovia,LR,6.3005,-10.7969,76.68,78,100,12.26,overcast clouds
241,Markova,UA,48.6758,24.4138,60.58,58,0,4.99,clear sky
242,Zemio,CF,5.0314,25.1361,68.07,97,100,2.28,light rain
243,Saint-Leu,RE,-21.15,55.2833,65.23,70,23,0.69,few clouds
244,Muros,ES,42.7762,-9.0603,68.09,83,77,15.7,broken clouds
245,Buin,CL,-33.7333,-70.75,68.32,62,0,4.54,clear sky
246,Fukue,JP,32.6881,128.8419,78.04,72,40,11.21,scattered clouds
247,Qala,AZ,40.4418,50.1681,76.89,73,0,25.32,clear sky
248,Huarmey,PE,-10.0681,-78.1522,63.9,80,20,9.46,few clouds
249,Deer Lake,CA,49.1667,-57.4316,71.46,56,75,10.36,broken clouds
250,Port Hardy,CA,50.6996,-127.4199,59.18,77,40,13.8,scattered clouds
251,Evensk,RU,61.95,159.2333,63.97,45,6,5.55,clear sky
252,Pskov,RU,57.8136,28.3496,58.91,100,0,0.0,clear sky
253,Rosario,AR,-32.9468,-60.6393,61.99,63,0,4.61,clear sky
254,Shingu,JP,33.7333,135.9833,84.04,76,6,2.57,clear sky
255,College,US,64.8569,-147.8028,66.2,56,100,6.91,overcast clouds
256,Catuday,PH,16.2923,119.8062,81.34,77,60,9.75,broken clouds
257,Bantou,CN,26.2151,117.4893,81.64,79,2,1.43,clear sky
258,Kovur,IN,14.4833,79.9833,83.89,72,100,2.68,overcast clouds
259,Ruteng,ID,-8.6136,120.4721,61.07,92,54,4.29,broken clouds
260,Laguna,US,38.421,-121.4238,104.31,24,0,6.91,clear sky
261,Saint-Philippe,RE,-21.3585,55.7679,65.21,79,52,12.62,light rain
262,Shimoda,JP,34.6667,138.95,85.1,85,7,10.63,clear sky
263,Neiafu,TO,-18.65,-173.9833,81.28,69,20,9.22,few clouds
264,Mandal,IN,25.45,74.5667,77.77,85,100,6.67,overcast clouds
265,Korla,CN,41.7597,86.1469,74.19,34,0,2.33,clear sky
266,El Dorado,US,38.7666,-120.5177,96.4,17,0,1.99,clear sky
267,Ixtapa,MX,20.7,-105.2,90.23,75,29,4.0,scattered clouds
268,Clyde River,CA,70.4692,-68.5914,41.23,93,100,9.22,light rain
269,Lazaro Cardenas,MX,17.9583,-102.2,87.01,68,41,7.45,scattered clouds
270,Valparaiso,CL,-33.0393,-71.6273,62.83,79,0,5.75,clear sky
271,Abha,SA,18.2164,42.5053,67.82,88,0,6.91,clear sky
272,Cabedelo,BR,-6.9811,-34.8339,74.07,83,96,7.63,overcast clouds
273,Ereymentau,KZ,51.6199,73.1033,57.69,75,4,6.53,clear sky
274,Ancud,CL,-41.8697,-73.8203,41.23,91,100,2.91,light rain
275,Alofi,NU,-19.0595,-169.9187,78.69,69,40,8.05,scattered clouds
276,San Cristobal,VE,7.7669,-72.225,71.78,84,89,4.34,overcast clouds
277,Rawson,AR,-43.3002,-65.1023,44.91,52,100,12.97,overcast clouds
278,Aljezur,PT,37.3191,-8.8033,65.17,91,1,10.09,clear sky
279,Mazamari,PE,-11.3258,-74.5308,76.42,69,3,1.03,clear sky
280,El Reno,US,35.5323,-97.955,94.73,39,40,14.97,scattered clouds
281,Valle De Guadalupe,MX,21.0,-102.6167,86.16,20,13,1.03,few clouds
282,Namibe,AO,-15.1961,12.1522,62.78,87,18,3.44,few clouds
283,Narrabri,AU,-30.3167,149.7833,53.53,80,70,4.0,broken clouds
284,Touros,BR,-5.1989,-35.4608,75.34,84,100,8.5,overcast clouds
285,Chuy,UY,-33.6971,-53.4616,51.85,89,92,6.29,light rain
286,Verkhniy Rohachyk,UA,47.2505,34.338,66.74,62,14,8.72,few clouds
287,Salamiyah,SY,35.0113,37.0532,72.09,69,0,9.78,clear sky
288,Belfast,GB,54.5833,-5.9333,57.02,73,100,5.75,overcast clouds
289,Cascais,PT,38.6979,-9.4215,68.47,72,95,21.0,overcast clouds
290,Cabo San Lucas,MX,22.8909,-109.9124,98.19,38,0,6.91,clear sky
291,Nador,MA,35.174,-2.9287,79.05,83,20,4.61,few clouds
292,Aasiaat,GL,68.7098,-52.8699,40.95,95,100,10.8,overcast clouds
293,Ukiah,US,39.1502,-123.2078,101.44,17,0,12.66,clear sky
294,Gitarama,RW,-2.0744,29.7567,65.66,55,78,1.86,broken clouds
295,Scarborough,GB,54.2797,-0.4044,60.37,84,100,1.99,overcast clouds
296,Tsabong,BW,-26.0217,22.401,59.68,40,17,7.0,few clouds
297,Komsomolskiy,UZ,40.4272,71.7189,79.52,38,0,6.91,clear sky
298,Sept-Iles,CA,50.2001,-66.3821,68.52,70,100,11.5,thunderstorm
299,Bridgetown,BB,13.1,-59.6167,82.89,78,20,20.71,few clouds
300,Tabory,RU,58.5198,64.5495,51.6,97,4,5.01,clear sky
301,Craig,US,40.5153,-107.5464,93.15,14,0,12.66,clear sky
302,Haines Junction,CA,60.7522,-137.5108,64.35,42,100,10.36,overcast clouds
303,Belmonte,BR,-15.8631,-38.8828,71.4,86,57,4.32,broken clouds
304,Boende,CD,-0.2167,20.8667,72.48,91,81,0.67,light rain
305,Te Anau,NZ,-45.4167,167.7167,39.22,91,67,1.21,broken clouds
306,Northampton,US,40.8754,-75.2499,89.71,58,23,8.68,few clouds
307,Latung,PH,5.5,120.8833,82.89,73,68,3.06,broken clouds
308,Geraldton,AU,-28.7667,114.6,54.01,87,100,9.22,overcast clouds
309,Lasa,IT,46.6166,10.7002,72.48,87,45,2.44,scattered clouds
310,Macia,MZ,-25.0269,33.0989,61.88,90,68,3.85,broken clouds
311,Khakhea,BW,-24.6895,23.494,57.51,50,42,6.55,scattered clouds
312,Salta,AR,-24.7859,-65.4117,64.99,61,0,12.66,clear sky
313,Luganville,VU,-15.5333,167.1667,81.36,80,17,7.14,few clouds
314,Guanica,PR,17.9716,-66.908,86.13,85,76,14.9,broken clouds
315,Ust-Kulom,RU,61.6864,53.6902,59.5,77,82,3.78,broken clouds
316,Mengyin,CN,35.7069,117.9264,76.1,75,38,1.21,scattered clouds
317,Sao Jeronimo,BR,-29.9592,-51.7222,65.23,96,97,3.6,overcast clouds
318,Berlevag,NO,70.8578,29.0864,62.4,94,100,6.91,light rain
319,Chulumani,BO,-16.4096,-67.5263,62.49,72,59,3.13,broken clouds
320,Novovorontsovka,UA,47.5004,33.9175,66.34,62,4,11.25,clear sky
321,Millinocket,US,45.6573,-68.7098,82.51,65,0,8.05,clear sky
322,Marzuq,YE,14.4,46.4667,76.93,61,10,7.61,clear sky
323,Cilegon,ID,-6.0174,106.0538,77.41,82,97,3.31,overcast clouds
324,Ulaangom,MN,49.9811,92.0667,61.97,55,89,2.01,overcast clouds
325,Zhuhai,CN,22.2769,113.5678,84.85,94,20,1.14,few clouds
326,Lincoln,US,40.8,-96.667,95.27,46,0,10.36,clear sky
327,Jalu,LY,29.0331,21.5482,76.98,55,0,12.88,clear sky
328,Newport,GB,51.5877,-2.9984,67.68,72,90,7.09,overcast clouds
329,Fasa,IR,28.9383,53.6482,83.44,39,1,4.61,clear sky
330,Ilhabela,BR,-23.7781,-45.3581,68.13,91,42,7.58,scattered clouds
331,Emerald,AU,-23.5333,148.1667,51.94,100,40,4.61,scattered clouds
332,Arroio Grande,BR,-32.2375,-53.0869,59.13,98,100,4.52,moderate rain
333,Coquimbo,CL,-29.9533,-71.3436,55.13,82,100,3.44,overcast clouds
334,Aitape,PG,-3.1374,142.3475,79.47,87,98,2.68,overcast clouds
335,Pitkyaranta,RU,61.5734,31.4792,62.74,76,38,4.18,scattered clouds
336,Prince Albert,CA,53.2001,-105.7677,76.95,41,75,17.27,broken clouds
337,Jutai,BR,-5.1833,-68.9,76.39,85,84,2.71,broken clouds
338,Iqaluit,CA,63.7506,-68.5145,42.53,93,40,4.61,fog
339,Riohacha,CO,11.5444,-72.9072,82.51,83,40,16.11,scattered clouds
340,Singaparna,ID,-7.3515,108.111,70.77,98,99,2.51,overcast clouds
341,Erzin,TR,36.9559,36.2,74.55,69,0,2.62,clear sky
342,Camanducaia,BR,-22.7553,-46.1447,60.08,68,34,2.62,scattered clouds
343,Zimovniki,RU,47.1483,42.4633,63.0,57,2,6.06,clear sky
344,Bouillon,BE,49.7932,5.067,62.85,91,26,5.82,scattered clouds
345,Ilulissat,GL,69.2167,-51.1,51.82,82,100,8.05,overcast clouds
346,Port Macquarie,AU,-31.4333,152.9167,60.89,80,99,14.54,overcast clouds
347,Bignona,SN,12.8103,-16.2264,78.84,93,100,2.08,moderate rain
348,Vikhorevka,RU,56.1201,101.1636,60.39,75,33,2.46,scattered clouds
349,Kununurra,AU,-15.7667,128.7333,53.58,87,6,4.61,clear sky
350,Dunedin,NZ,-45.8742,170.5036,44.46,83,94,2.28,overcast clouds
351,Chissamba,AO,-12.1667,17.3333,61.48,37,23,2.59,few clouds
352,Lulea,SE,65.5842,22.1547,62.67,100,75,1.14,broken clouds
353,Hollins,US,37.3413,-79.9431,91.24,55,40,9.22,scattered clouds
354,Kaitangata,NZ,-46.2817,169.8464,44.74,86,97,2.42,overcast clouds
355,Puerto Carreno,CO,6.189,-67.4859,78.78,89,40,3.44,scattered clouds
356,Morwell,AU,-38.2333,146.4,47.41,90,33,2.24,scattered clouds
357,Rio Gallegos,AR,-51.6226,-69.2181,32.05,74,0,19.57,clear sky
358,Pangnirtung,CA,66.1451,-65.7125,42.8,93,100,8.05,overcast clouds
359,Yerofey Pavlovich,RU,53.9667,121.9667,69.17,81,45,2.13,scattered clouds
360,Greenwood,US,34.1668,-82.1165,86.36,72,75,12.66,broken clouds
361,Aldan,RU,58.6031,125.3894,65.41,81,60,1.66,broken clouds
362,Hambantota,LK,6.1241,81.1185,78.62,83,100,20.45,overcast clouds
363,Fethiye,TR,36.6217,29.1164,71.47,33,0,7.9,clear sky
364,Sovetskiy,RU,61.3614,63.5842,56.01,66,58,2.64,light rain
365,Makarov,RU,48.6333,142.8,59.04,90,100,3.94,overcast clouds
366,Howell,US,42.6073,-83.9294,88.92,49,40,16.11,scattered clouds
367,Zemes,RO,46.5833,26.4167,58.41,48,0,5.32,clear sky
368,Srednekolymsk,RU,67.45,153.6833,53.82,40,0,8.03,clear sky
369,Hervey Bay,AU,-25.2986,152.8535,64.0,88,99,22.28,overcast clouds
370,Hit,IQ,33.6416,42.8251,91.06,17,0,11.16,clear sky
371,Batagay,RU,67.6333,134.6333,63.55,56,90,3.04,overcast clouds
372,Camacha,PT,33.0833,-16.3333,67.42,68,75,17.27,broken clouds
373,Tambovka,RU,50.0969,128.0489,71.08,74,42,5.06,scattered clouds
374,Flin Flon,CA,54.7682,-101.865,69.64,52,75,11.5,broken clouds
375,Gazojak,TM,41.1875,61.4036,92.3,16,0,13.78,clear sky
376,Faanui,PF,-16.4833,-151.75,77.54,72,12,10.6,light rain
377,Rojhan,PK,28.6868,69.9534,85.75,65,99,4.56,overcast clouds
378,Penzance,GB,50.1186,-5.5371,57.88,73,100,13.58,overcast clouds
379,Castro Verde,PT,37.6983,-8.0858,76.42,55,10,7.16,clear sky
380,Ahuimanu,US,21.4447,-157.8378,83.91,68,40,19.57,moderate rain
381,Kangaatsiaq,GL,68.3065,-53.4641,43.29,90,100,22.73,overcast clouds
382,Woodward,US,36.4337,-99.3904,97.83,35,0,13.8,clear sky
383,Vila Franca Do Campo,PT,37.7167,-25.4333,74.19,81,69,2.59,broken clouds
384,Karratha,AU,-20.7377,116.8463,68.0,82,0,7.76,clear sky
385,Cockburn Town,TC,21.4612,-71.1419,84.16,70,40,17.27,scattered clouds
386,Bowen,AU,-20.0167,148.2333,64.29,78,41,4.92,scattered clouds
387,Balkanabat,TM,39.5108,54.3671,85.26,48,0,4.76,clear sky
388,Mettur,IN,11.8,77.8,79.32,81,100,1.39,moderate rain
389,Barra Da Estiva,BR,-13.6261,-41.3269,63.55,75,88,4.85,overcast clouds
390,Zhmerynka,UA,49.037,28.112,57.52,77,0,8.3,clear sky
391,Galeana,MX,24.8333,-100.0667,72.01,52,62,5.97,light rain
392,Ouegoa,NC,-20.35,164.4333,78.8,76,90,15.43,overcast clouds
393,Lorengau,PG,-2.0226,147.2712,83.59,74,87,10.16,overcast clouds
394,Saint Anthony,US,45.0205,-93.218,87.82,35,0,18.41,clear sky
395,Palmer,US,42.1584,-72.3287,88.41,55,20,16.11,few clouds
396,Ajaccio,FR,42.0,8.9167,75.25,73,0,5.75,clear sky
397,Ubinskoye,RU,55.3068,79.6802,56.73,97,9,10.69,clear sky
398,Ketchikan,US,55.3422,-131.6461,63.07,67,100,6.91,overcast clouds
399,Bridlington,GB,54.0831,-0.1919,60.89,81,100,6.22,overcast clouds
400,Guca,RS,43.7767,20.2253,64.29,46,4,4.79,clear sky
401,Yarada,IN,17.65,83.2667,83.98,72,100,4.72,overcast clouds
402,Oranjemund,NA,-28.55,16.4333,55.38,77,1,5.79,clear sky
403,Mbekenyera,TZ,-10.0,38.9833,61.86,92,0,2.46,clear sky
404,Bobrovka,RU,54.047,61.7455,55.06,87,4,7.58,clear sky
405,Asahikawa,JP,43.7678,142.3703,63.61,88,40,2.3,scattered clouds
406,Nara,JP,34.6851,135.8049,81.72,61,51,9.46,broken clouds
407,Freeport,US,40.6576,-73.5832,98.58,50,20,11.5,few clouds
408,Sao Filipe,CV,14.8961,-24.4956,74.79,86,88,6.2,overcast clouds
409,Zyryanka,RU,65.75,150.85,58.66,49,10,2.46,clear sky
410,Ust-Nera,RU,64.5667,143.2,66.69,62,46,5.59,scattered clouds
411,Nogales,MX,31.3086,-110.9422,97.72,32,0,12.66,clear sky
412,Dekar,BW,-21.5333,21.9333,54.37,47,5,8.86,clear sky
413,Hofn,IS,64.2539,-15.2082,50.74,87,32,2.42,scattered clouds
414,Muscatine,US,41.4667,-91.1335,90.09,45,0,14.97,clear sky
415,Ofaqim,IL,31.3141,34.6203,70.72,83,2,4.56,clear sky
416,Fairbanks,US,64.8378,-147.7164,66.22,56,75,6.91,broken clouds
417,Aykhal,RU,66.0,111.5,55.98,83,100,2.17,overcast clouds
418,San Pedro,PH,14.35,121.0167,82.26,85,40,2.3,scattered clouds
419,Elmwood Park,US,41.9211,-87.8092,90.97,51,75,18.41,broken clouds
420,Ossora,RU,59.2353,163.0719,61.61,62,2,7.65,clear sky
421,Batagay-Alyta,RU,67.8006,130.4114,55.83,65,92,4.05,overcast clouds
422,Lompoc,US,34.6391,-120.4579,89.02,74,0,16.11,clear sky
423,Wageningen,NL,51.9667,5.6667,61.95,96,100,8.05,overcast clouds
424,Vao,NC,-22.6667,167.4833,73.63,90,46,19.51,scattered clouds
425,Mazagao,BR,-0.115,-51.2894,78.85,84,84,4.34,broken clouds
426,Villamontes,BO,-21.25,-63.5,75.36,51,42,4.36,scattered clouds
427,Kavaratti,IN,10.5669,72.642,81.12,77,100,20.67,overcast clouds
428,Jasper,US,37.2001,-94.3502,104.38,19,0,11.5,clear sky
429,Vallenar,CL,-28.5708,-70.7581,61.48,71,0,2.55,clear sky
430,Purpe,RU,64.4803,76.6897,46.74,76,98,7.52,overcast clouds
431,Monywa,MM,22.1167,95.1333,79.61,90,100,6.46,overcast clouds
432,Santa Lucia,ES,27.9117,-15.5407,68.76,69,0,28.77,clear sky
433,Klaksvik,FO,62.2266,-6.589,49.12,86,47,3.65,scattered clouds
434,Kharitonovo,RU,61.4009,47.4978,58.46,90,68,4.85,broken clouds
435,Matara,LK,5.9485,80.5353,76.82,91,100,14.94,moderate rain
436,Belem De Sao Francisco,BR,-8.7539,-38.9658,74.59,56,73,18.25,broken clouds
437,Dingle,PH,10.9995,122.6711,79.75,90,97,5.59,overcast clouds
438,Beringovskiy,RU,63.05,179.3167,50.83,60,28,11.68,scattered clouds
439,Denpasar,ID,-8.65,115.2167,78.46,83,75,8.05,broken clouds
440,Adrar,MR,20.5022,-10.0711,93.06,31,88,2.82,overcast clouds
441,Yar-Sale,RU,66.8333,70.8333,43.52,86,100,12.53,light rain
442,Imeni Poliny Osipenko,RU,52.4201,136.4853,54.46,95,100,10.67,light rain
443,Peniche,PT,39.3558,-9.3811,68.29,85,65,17.69,broken clouds
444,Eregli,TR,37.5133,34.0467,63.68,39,0,2.84,clear sky
445,Matagami,CA,49.7502,-77.6328,62.71,94,100,10.36,mist
446,Arlit,NE,18.7369,7.3853,96.21,14,28,10.38,scattered clouds
447,Vestmannaeyjar,IS,63.4427,-20.2734,51.78,98,100,4.61,overcast clouds
448,Panjab,AF,34.388,67.0233,60.93,31,0,3.76,clear sky
449,Kizhinga,RU,51.8462,109.9097,60.06,88,100,3.49,light rain
450,Felipe Carrillo Puerto,MX,19.5833,-88.05,89.38,50,1,7.9,clear sky
451,Iquique,CL,-20.2208,-70.1431,59.04,84,91,2.26,overcast clouds
452,Ilam,NP,26.9167,87.9167,69.33,95,100,3.6,overcast clouds
453,Lac Du Bonnet,CA,50.2536,-96.0612,76.41,52,6,12.53,clear sky
454,Batemans Bay,AU,-35.7167,150.1833,53.1,82,87,2.93,overcast clouds
455,Vila,PT,42.0304,-8.1588,59.88,83,62,4.36,broken clouds
456,Brownsville,US,25.9018,-97.4975,95.09,59,0,18.41,clear sky
457,Sawang Daen Din,TH,17.4753,103.4575,76.17,99,100,7.81,overcast clouds
458,Metro,ID,-5.1131,105.3067,73.85,93,97,3.4,overcast clouds
459,San Patricio,US,28.017,-97.5169,95.18,50,33,19.1,scattered clouds
460,Borogontsy,RU,62.6683,131.1683,74.73,62,14,3.71,few clouds
461,Port Hedland,AU,-20.3167,118.5667,60.85,100,0,0.0,clear sky
462,Altay,CN,47.8667,88.1167,61.79,60,68,2.55,broken clouds
463,Ritchie,ZA,-29.038,24.6028,43.81,39,0,5.08,clear sky
464,Bat Khela,PK,34.6167,71.9714,78.17,82,98,0.27,overcast clouds
465,Puerto Leguizamo,CO,-0.1934,-74.7819,73.42,86,78,2.68,broken clouds
466,Prainha,BR,-1.8,-53.48,79.7,71,62,3.06,broken clouds
467,Torbeyevo,RU,54.0797,43.2473,56.26,96,81,11.34,broken clouds
468,Knysna,ZA,-34.0363,23.0471,54.14,68,80,5.19,broken clouds
469,Barsovo,RU,61.1667,73.1667,55.53,83,7,8.25,clear sky
470,Riobamba,EC,-1.6667,-78.6333,53.01,86,97,4.21,overcast clouds
471,Takhli,TH,15.2634,100.3438,79.75,92,100,7.16,overcast clouds
472,Santa Maria,BR,-29.6842,-53.8069,69.1,94,0,1.14,light rain
473,Gigmoto,PH,13.7796,124.39,82.81,83,30,7.07,scattered clouds
474,Nioaque,BR,-21.1353,-55.83,75.85,36,21,3.13,few clouds
475,Vilkaviskis,LT,54.6517,23.0322,65.44,83,6,4.32,clear sky
476,Xining,CN,36.6167,101.7667,46.04,87,32,2.66,scattered clouds
477,Kutum,SD,14.2,24.6667,75.74,55,97,4.38,overcast clouds
478,Tahoua,NE,14.8888,5.2692,83.61,55,50,7.65,scattered clouds
479,Atar,MR,20.5169,-13.0499,92.8,34,5,5.44,clear sky
480,Pizarro,CO,4.9533,-77.366,77.07,89,97,5.41,light rain
481,Bayji,IQ,34.9311,43.487,90.88,20,0,11.61,clear sky
482,Hualmay,PE,-11.0964,-77.6139,62.15,82,13,10.83,few clouds
483,Yumen,CN,40.2833,97.2,67.37,27,0,7.31,clear sky
484,Miandrivazo,MG,-19.5167,45.4667,67.53,55,3,4.47,clear sky
485,Gwanda,ZW,-20.9333,29.0,58.89,77,87,6.42,light rain
486,Nampula,MZ,-15.1165,39.2666,64.35,88,0,0.0,clear sky
487,Kotaparh,IN,19.15,82.35,73.54,95,100,5.48,overcast clouds
488,Provideniya,RU,64.3833,-173.3,42.91,87,100,15.99,light rain
489,Esso,RU,55.9333,158.7,68.52,68,15,7.81,few clouds
490,Irbit,RU,57.6705,63.071,52.23,96,34,5.06,scattered clouds
491,Saint-Augustin,CA,51.226,-58.6502,67.91,59,81,5.59,broken clouds
492,Youkounkoun,GN,12.5333,-13.1333,74.03,98,100,4.99,heavy intensity rain
493,Beloha,MG,-25.1667,45.05,63.93,79,1,5.12,clear sky
494,Les Cayes,HT,18.2,-73.75,83.25,73,59,6.73,broken clouds
495,Dingli,MT,35.8614,14.3822,77.81,73,0,2.3,clear sky
496,Karabuk,TR,41.2049,32.6277,61.21,95,4,1.74,clear sky
497,Henties Bay,NA,-22.116,14.2845,58.68,70,0,3.29,clear sky
498,Maputo,MZ,-25.9653,32.5892,65.88,94,40,2.3,fog
499,Cordoba,AR,-31.4135,-64.1811,60.24,54,0,5.75,clear sky
500,Waddan,LY,29.1614,16.139,76.62,54,0,10.11,clear sky
501,Otane,NZ,-39.8833,176.6333,50.02,72,100,9.17,overcast clouds
502,Santa Cruz,BO,-17.8,-63.1667,80.65,54,75,16.11,broken clouds
503,Xuddur,SO,4.1213,43.8894,70.97,75,58,20.0,broken clouds
504,Povenets,RU,62.8487,34.8262,63.63,76,40,4.16,scattered clouds
505,Lahijan,IR,37.2061,50.0029,76.78,81,39,5.68,scattered clouds
506,Richards Bay,ZA,-28.783,32.0377,66.18,84,79,6.04,broken clouds
507,Shache,CN,38.4167,77.2406,75.81,17,0,3.15,clear sky
508,Taoudenni,ML,22.6783,-3.9836,88.32,45,46,13.18,light rain
509,Liverpool,GB,53.4106,-2.9779,63.14,75,75,5.75,broken clouds
510,Dalby,AU,-27.1833,151.2667,53.98,97,100,3.0,heavy intensity rain
511,Pemba,MZ,-12.974,40.5178,72.3,83,40,7.0,scattered clouds
512,Tortoli,IT,39.9256,9.6572,80.42,74,0,5.75,clear sky
513,Mount Gambier,AU,-37.8333,140.7667,49.82,82,100,11.01,overcast clouds
514,Siloam Springs,US,36.1881,-94.5405,100.18,28,0,3.44,clear sky
515,San Carlos De Bariloche,AR,-41.1456,-71.3082,36.25,93,75,14.97,snow
516,Naze,JP,28.3667,129.4833,83.32,83,31,13.27,scattered clouds
517,Westport,US,41.1415,-73.3579,90.63,73,0,8.05,clear sky
518,Riyadh,SA,24.6877,46.7219,95.14,10,37,9.86,scattered clouds
519,Saint-Pierre,RE,-21.3393,55.4781,65.28,70,0,5.75,clear sky
520,Dongsheng,CN,39.8161,109.9776,57.43,85,100,12.55,overcast clouds
521,Camden,US,39.7835,-74.9663,94.95,53,93,1.99,overcast clouds
522,Katangli,RU,51.7102,143.2326,53.62,97,100,12.01,overcast clouds
523,Leningradskiy,RU,69.3833,178.4167,35.96,99,100,8.21,light rain
524,Hovd,MN,48.0056,91.6419,61.72,44,97,4.68,overcast clouds
525,Carthage,TN,36.8611,10.3316,76.53,78,0,1.14,clear sky
526,Turukhansk,RU,65.8167,87.9833,56.77,92,100,8.43,overcast clouds
527,Karaton,ID,-6.3424,106.1045,72.54,93,93,1.81,overcast clouds
528,Plasy,CZ,49.9345,13.3904,68.02,99,0,3.69,clear sky
529,Padang,ID,-0.9492,100.3543,75.25,87,92,4.18,overcast clouds
530,Guerrero Negro,MX,27.9769,-114.0611,77.14,53,5,21.74,clear sky
531,Peachland,CA,49.7665,-119.7357,96.85,18,65,12.46,broken clouds
532,Pogar,RU,52.554,33.2591,56.44,96,58,10.74,broken clouds
533,Hearst,CA,49.6835,-83.6665,71.85,90,58,10.11,heavy intensity rain
534,Nuuk,GL,64.1835,-51.7216,57.81,62,75,16.11,broken clouds
535,Troyes,FR,48.3333,4.0833,65.17,82,0,4.61,clear sky
536,Guarapari,BR,-20.6667,-40.4975,71.89,87,20,1.9,few clouds
537,Saint-Louis,SN,16.3333,-15.0,83.84,55,97,9.86,light rain
538,Yining,CN,29.0361,114.5636,81.16,84,84,1.79,broken clouds
539,Plettenberg Bay,ZA,-34.0527,23.3716,54.95,70,69,3.98,broken clouds
540,Husavik,IS,66.0449,-17.3389,49.98,82,87,3.51,overcast clouds
541,Isabela,PH,6.7085,121.9711,78.85,81,100,3.18,light rain
542,Gulbarga,IN,17.3333,76.8333,76.39,83,100,10.29,overcast clouds
543,Myronivka,UA,49.6601,30.9823,60.55,89,8,9.06,clear sky
544,Alice Springs,AU,-23.7,133.8833,36.95,70,0,0.0,clear sky
545,Kapuvar,HU,47.5922,17.0289,73.65,64,97,10.63,overcast clouds
546,Gamba,GA,-2.65,10.0,70.14,95,94,5.53,overcast clouds
547,Vardo,NO,70.3705,31.1107,53.58,100,100,2.3,overcast clouds
548,Camopi,GF,3.1655,-52.3158,74.03,93,90,3.0,overcast clouds
549,San Benito,US,36.6166,-121.0844,92.86,13,0,10.96,clear sky
550,Sergeyevka,KZ,53.88,67.4158,55.96,87,1,9.53,clear sky
551,Estevan,CA,49.1334,-102.9842,78.22,47,0,10.36,clear sky
552,West Bay,KY,19.3667,-81.4167,90.07,71,40,10.36,scattered clouds
553,Le Port,RE,-20.9373,55.2919,66.16,71,39,7.31,scattered clouds
554,Imbituba,BR,-28.24,-48.6703,68.09,89,14,8.81,few clouds
555,Along,IN,28.1667,94.7667,74.21,99,100,1.81,light rain
556,Pozhva,RU,59.0912,56.0847,54.27,95,36,5.21,scattered clouds
557,Oda,JP,35.1833,132.5,74.17,92,96,17.67,overcast clouds
558,Vigrestad,NO,58.5667,5.7,55.96,84,99,29.37,overcast clouds
559,Pesaro,IT,43.9036,12.8903,81.21,59,4,4.59,clear sky
560,Marovoay,MG,-16.1,46.6333,64.02,68,0,6.85,clear sky
561,Varkkallai,IN,8.7341,76.7067,78.58,91,100,8.72,overcast clouds
562,Burnie,AU,-41.0667,145.9167,51.93,85,86,13.24,overcast clouds
563,Laredo,US,27.5064,-99.5075,104.29,29,20,11.5,few clouds
564,Puqi,CN,29.7167,113.8833,82.36,84,59,4.65,broken clouds
565,Kirchheim,DE,50.8333,9.5667,64.0,95,33,5.46,scattered clouds
566,Nouadhibou,MR,20.931,-17.0347,75.18,88,18,10.36,few clouds
567,Launceston,AU,-41.45,147.1667,45.34,87,5,8.05,clear sky
568,Omboue,GA,-1.5746,9.2618,71.67,90,77,7.11,broken clouds
569,Tura,IN,25.5198,90.2201,74.21,97,100,3.71,light rain
570,Pochinki,RU,54.6988,44.8668,58.3,96,100,12.19,light rain
571,Maragogi,BR,-9.0122,-35.2225,73.72,89,90,8.75,overcast clouds
572,Kattivakkam,IN,13.2167,80.3167,78.89,74,97,10.45,overcast clouds
573,Tynda,RU,55.1667,124.7167,65.93,85,29,2.19,scattered clouds
574,Tromso,NO,69.6496,18.957,51.82,93,40,3.44,scattered clouds
575,Granger,US,41.7481,-86.1257,89.69,53,20,11.5,few clouds
576,Callaway,US,30.153,-85.5699,87.98,75,0,12.66,clear sky
577,Khasan,RU,42.4308,130.6434,68.0,97,100,2.93,overcast clouds
578,Benavente,ES,42.0025,-5.6783,66.74,71,5,9.42,clear sky
579,Banda Aceh,ID,5.5577,95.3222,80.01,77,100,9.73,overcast clouds
580,Half Moon Bay,US,37.4636,-122.4286,88.57,68,100,19.57,overcast clouds
581,Devrek,TR,41.2192,31.9558,66.24,84,44,2.84,scattered clouds
582,Abu Dhabi,AE,24.4667,54.3667,96.91,53,0,4.61,clear sky
583,Elliot,ZA,-31.3333,27.85,43.75,65,15,6.2,few clouds
584,Chipata,ZM,-13.6333,32.65,58.33,60,10,5.68,clear sky
585,Issaquah,US,47.5301,-122.0326,87.03,52,0,3.0,clear sky
586,Amlagora,IN,22.8333,87.3333,81.84,85,99,5.21,moderate rain
587,Nanyang,CN,32.9947,112.5328,78.28,94,95,5.64,overcast clouds
588,Gushikawa,JP,26.3544,127.8686,85.23,89,75,12.66,broken clouds
589,Pierre,US,44.3683,-100.351,94.28,24,0,11.5,clear sky
590,Polyarnyy,RU,69.1989,33.4478,62.98,76,99,6.96,overcast clouds
591,Nakhon Phanom,TH,17.3333,104.4167,73.4,95,100,7.81,overcast clouds
592,Sunndalsora,NO,62.6754,8.5515,54.86,98,100,3.69,overcast clouds
593,Mattru,SL,7.6244,-11.8332,73.15,91,89,3.31,overcast clouds
594,Port-Gentil,GA,-0.7193,8.7815,75.16,88,75,10.36,broken clouds
595,Oudtshoorn,ZA,-33.5907,22.2014,43.16,51,68,4.12,broken clouds
596,Yaan,NG,7.3833,8.5667,71.06,96,96,5.01,overcast clouds
597,La Ronge,CA,55.1001,-105.2842,68.25,49,75,17.27,broken clouds
598,Voh,NC,-20.9667,164.7,79.3,71,74,6.91,broken clouds
599,Augusto Correa,BR,-1.0217,-46.635,73.67,95,65,3.89,broken clouds
600,Rigaud,CA,45.4793,-74.3024,82.45,68,6,17.76,clear sky
601,Toamasina,MG,-18.1667,49.3833,66.2,94,75,4.61,broken clouds
602,Khovu-Aksy,RU,51.1333,93.6,54.05,67,39,3.85,scattered clouds
603,Petropavl,KZ,54.8753,69.1628,55.56,97,56,8.28,broken clouds
604,Norsup,VU,-16.0667,167.3833,81.46,79,23,13.89,few clouds
605,Armidale,AU,-30.5167,151.65,44.92,91,100,12.71,overcast clouds
606,Caravelas,BR,-17.7125,-39.2481,70.88,83,4,5.97,clear sky
607,Grindavik,IS,63.8424,-22.4338,53.55,100,100,4.61,light intensity drizzle
608,Guilin,CN,25.2819,110.2864,75.31,94,8,0.87,clear sky
609,Bentong,MY,3.5181,101.9079,73.53,97,87,0.6,overcast clouds
610,Hinton,CA,53.4001,-117.5857,81.3,24,57,9.46,broken clouds
611,Blythe,US,33.6103,-114.5964,111.04,17,0,9.22,clear sky
612,Tabou,CI,4.423,-7.3528,75.33,74,100,6.91,overcast clouds
613,Rocha,UY,-34.4833,-54.3333,48.94,94,100,4.76,overcast clouds
614,Perth,AU,-31.9333,115.8333,58.78,92,40,5.75,scattered clouds
615,Lumphat,KH,13.4878,106.9816,71.78,99,71,0.13,broken clouds
616,Magadan,RU,59.5667,150.8,70.54,72,60,2.35,broken clouds
617,Sobolevo,RU,54.4299,31.8996,54.18,95,0,7.78,clear sky
618,Gizo,SB,-8.103,156.8419,82.87,72,60,4.36,broken clouds
619,Ayan,RU,56.45,138.1667,58.23,90,99,5.01,overcast clouds
620,Meadow Lake,US,34.8014,-106.5436,97.95,21,66,8.08,broken clouds
621,Kareli,IN,22.9167,79.0667,75.81,95,100,7.18,overcast clouds
622,Sorland,NO,67.667,12.6934,51.66,92,100,20.4,overcast clouds
623,Aguilas,ES,37.4063,-1.5829,79.45,73,0,1.14,clear sky
624,Kailua,US,21.4022,-157.7394,84.18,70,40,14.97,moderate rain
625,At-Bashi,KG,41.1702,75.8106,59.58,40,0,5.03,clear sky
626,Puksoozero,RU,62.5903,40.6066,58.96,96,46,2.06,scattered clouds
627,Asfi,MA,32.2994,-9.2372,79.43,60,100,10.25,overcast clouds
628,Saiha,IN,22.4833,92.9667,70.99,98,100,2.39,light rain
629,Hay River,CA,60.8156,-115.7999,64.38,55,40,12.66,scattered clouds
630,La Grande,US,45.3246,-118.0877,96.01,18,1,9.06,clear sky
631,Linqiong,CN,30.4159,103.4609,73.22,96,100,4.43,light rain
632,Boca Do Acre,BR,-8.7522,-67.3978,80.47,51,6,1.32,clear sky
633,Kuhdasht,IR,33.535,47.6061,79.54,16,0,5.79,clear sky
634,Santo Antonio Do Sudoeste,BR,-26.0736,-53.7253,64.0,91,98,3.29,overcast clouds
635,Merauke,ID,-8.4667,140.3333,78.12,79,34,8.63,scattered clouds
636,Ulladulla,AU,-35.35,150.4667,56.91,77,50,8.46,scattered clouds
637,Koumac,NC,-20.5667,164.2833,79.3,71,90,10.02,overcast clouds
638,Bulle,CH,46.6195,7.0567,66.74,73,5,4.0,clear sky
639,Umm Lajj,SA,25.0213,37.2685,85.91,58,8,8.59,clear sky
640,Srinagar,IN,34.0833,74.8167,69.75,86,97,0.69,overcast clouds
641,Kieta,PG,-6.2167,155.6333,83.53,63,93,2.13,overcast clouds
642,Pacifica,US,37.6138,-122.4869,86.22,84,20,19.57,few clouds
643,High Level,CA,58.5169,-117.136,53.71,100,100,6.91,heavy intensity rain
644,Payo,ID,-3.7508,103.6372,71.49,94,92,1.74,overcast clouds
645,Batie,BF,9.8833,-2.9167,78.94,61,94,3.53,overcast clouds
646,Bunol,ES,39.4167,-0.7833,79.02,71,0,2.26,clear sky
647,Lima,PE,-12.0432,-77.0282,59.25,72,100,6.91,overcast clouds
648,Gat,IL,31.61,34.7642,77.68,100,2,2.39,clear sky
649,Soyo,AO,-6.1349,12.3689,69.46,90,13,10.0,few clouds
650,Hukuntsi,BW,-24.0,21.75,57.22,42,9,9.01,clear sky
651,Yenagoa,NG,4.9247,6.2642,74.23,89,88,3.62,overcast clouds
652,Belaya Gora,RU,68.5333,146.4167,57.85,43,8,9.95,clear sky
653,Wellingborough,GB,52.3027,-0.6945,66.42,72,98,9.17,overcast clouds
654,Suntar,RU,62.1444,117.6319,62.85,87,94,2.01,overcast clouds
655,Banfora,BF,10.6333,-4.7667,75.07,79,50,0.74,scattered clouds
656,Ust-Tsilma,RU,65.441,52.1498,50.38,75,31,4.94,scattered clouds
657,Mahon,ES,39.8885,4.2658,77.56,83,0,5.75,clear sky
658,Birjand,IR,32.8663,59.2211,72.07,17,0,4.61,clear sky
659,Rundu,NA,-17.9333,19.7667,61.77,38,87,6.42,overcast clouds
660,Sosnovo-Ozerskoye,RU,52.5249,111.5418,60.51,76,100,6.8,overcast clouds
661,Anadyr,RU,64.75,177.4833,54.1,54,40,15.66,scattered clouds
662,Hvolsvollur,IS,63.7533,-20.2243,50.45,96,100,2.86,overcast clouds
663,Potenza,IT,40.6443,15.8086,65.91,62,0,3.06,clear sky
664,Puerto Madero,MX,14.7208,-92.4215,77.2,100,75,0.0,broken clouds
665,Kedrovyy,RU,56.1667,91.8167,54.01,87,68,4.16,broken clouds
666,Pisco,PE,-13.7,-76.2167,62.65,77,100,14.97,overcast clouds
667,Inhambane,MZ,-23.865,35.3833,67.12,84,0,4.52,clear sky
668,Voyvozh,RU,62.892,54.9635,59.58,64,53,1.68,broken clouds
